ruta,vattendist,namn,strandtyp,kusttyp,urvalsklass,provyta,pyid,exponering,transektlen,transektriktning,easting,northing,longitud,latitud
5162,1,Norrbottens skärgårds kustvatten,strandäng/våtmark,öar,14_strandäng,16,20225162016,0,17.1,106,806594.6087,7230293.873,21.523805158064,65.0537450002065
5162,1,Norrbottens skärgårds kustvatten,block/grus,öar,02_block/grus,21,20225162021,0,2.6,300,806452.3331,7230407.7239,21.5210506741389,65.0548914233757
5162,1,Norrbottens skärgårds kustvatten,block/grus,fastland,07_landhöjningsskog,26,20225162026,0,40.5,334,807021.0166,7230578.4466,21.5334307336228,65.0558874023449
5164,1,Norrbottens skärgårds kustvatten,block/grus,öar,02_block/grus,4,20225164004,0,20,224,808235.2658,7230287.4602,21.5584247650971,65.0521673184467
5167,1,Jävrefjärden,block/grus,fastland,02_block/grus,1,20225167001,0,18.8,268,806432.1117,7238016.2945,21.5373183796403,65.1227365670009
5167,1,Jävrefjärden,konstruerad,fastland,05_konstruerad,3,20225167003,0,30.5,253,806449.6618,7238141.9572,21.5379663646333,65.1238404947008
5369,5,Råssö-Resöfjorden sek namn,strandäng/våtmark,öar,15_strandängsbete,4,20225369004,0,13.6,29,280904.7844,6529051.4726,11.2022007904723,58.8453689327384
5369,5,Råssö-Resöfjorden sek namn,strandäng/våtmark,öar,15_strandängsbete,5,20225369005,0,8.8,304,280651.4723,6529067.6973,11.1978050785146,58.8453852984394
5369,5,Råssö-Resöfjorden sek namn,strandäng/våtmark,öar,15_strandängsbete,8,20225369008,0,47,340,280575.7,6529101.8111,11.1964614227022,58.8456523707515
5369,5,Råssö-Resöfjorden sek namn,strandäng/våtmark,öar,15_strandängsbete,12,20225369012,0,23,161,280944.1745,6529225.7172,11.2027107248833,58.8469504123632
5369,5,Råssö-Resöfjorden sek namn,strandäng/våtmark,öar,15_strandängsbete,13,20225369013,0,22.6,356,280941.0817,6529241.5714,11.2026416765228,58.8470909097102
5369,5,Inre Tjärnöarkipelagen,klippa/häll,öar,15_strandängsbete,15,20225369015,0,14.2,113,281121.7476,6529745.5239,11.205270931672,58.8516988313951
5369,5,Inre Tjärnöarkipelagen,strandäng/våtmark,öar,15_strandängsbete,17,20225369017,0,18.7,223,281032.8819,6529766.0673,11.2037139817138,58.851837710068
5369,5,Inre Tjärnöarkipelagen,strandäng/våtmark,öar,15_strandängsbete,19,20225369019,0,26.8,5,280899.8006,6529784.8802,11.2013940859401,58.8519385501556
5369,5,Inre Tjärnöarkipelagen,strandäng/våtmark,grund,14_strandäng,21,20225369021,0,13.5,211,281032.9486,6529836.625,11.2036458414932,58.8524700211891
5369,5,Inre Tjärnöarkipelagen,strandäng/våtmark,öar,08_havsklippa,23,20225369023,0,10.6,354,281072.8517,6529892.8677,11.2042806833402,58.852994325031
5370,5,Inre Tjärnöarkipelagen,strandäng/våtmark,öar,15_strandängsbete,2,20225370002,0,5.4,186,279082.0117,6530994.36,11.1687607752038,58.8618469806531
5370,5,Inre Tjärnöarkipelagen,block/grus,öar,15_strandängsbete,4,20225370004,0,9.9,268,279114.7306,6531052.6757,11.1692689218308,58.862386337836
5370,5,Inre Tjärnöarkipelagen,block/grus,öar,14_strandäng,5,20225370005,0,17.8,256,278909.1394,6531118.5055,11.1656473227196,58.8628705886146
5370,5,Inre Tjärnöarkipelagen,sand,öar,06_dyner,23,20225370023,0,6.4,349,278494.8851,6531761.2838,11.1578424332666,58.8684171509043
5370,5,Flo,sand,öar,06_dyner,30,20225370030,0,16.6,48,278224.4176,6531958.612,11.1529666898104,58.8700459188375
5371,5,Inre Tjärnöarkipelagen,strandäng/våtmark,öar,15_strandängsbete,3,20225371003,0,15,185,280109.5653,6531109.9037,11.186421253892,58.863408915885
5371,5,Inre Tjärnöarkipelagen,strandäng/våtmark,öar,14_strandäng,5,20225371005,0,14.2,26,279146.2456,6531125.1309,11.1697422426887,58.863051775729
5372,5,N n Bohusläns skärgårds kustvatten,block/grus,öar,02_block/grus,5,20225372005,0,4.9,30,269513.1279,6532029.3232,11.0021998160247,58.8660985348226
5372,5,N n Bohusläns skärgårds kustvatten,klippa/häll,öar,08_havsklippa,13,20225372013,0,7.7,320,269683.4336,6532071.5726,11.0051017935442,58.8665682875821
5372,5,N n Bohusläns skärgårds kustvatten,klippa/häll,öar,01_klippstränder,38,20225372038,0,25.1,213,269634.3136,6532222.9248,11.0040956546298,58.8678979410897
5373,5,N n Bohusläns skärgårds kustvatten,block/grus,öar,15_strandängsbete,2,20225373002,0,14.7,115,271229.0828,6532223.7833,11.0316806168453,58.8687570063281
5373,5,N n Bohusläns skärgårds kustvatten,block/grus,öar,15_strandängsbete,3,20225373003,0,32.4,108,271268.7796,6532344.4634,11.032243357118,58.869859331984
5373,5,N n Bohusläns skärgårds kustvatten,block/grus,öar,15_strandängsbete,4,20225373004,0,71.9,70,271239.8419,6532461.9222,11.0316221115066,58.8708962847064
5376,5,Inre Tjärnöarkipelagen,strandäng/våtmark,fastland,15_strandängsbete,1,20225376001,0,31.1,158,281204.7122,6533767.8196,11.2027537748038,58.8877853117
5378,5,Inre Tjärnöarkipelagen,strandäng/våtmark,öar,15_strandängsbete,2,20225378002,0,1.8,222,280124.7623,6536123.9918,11.181728077122,58.9083473605983
5382,5,N Kosterfjorden,klippa/häll,öar,08_havsklippa,24,20225382024,0,22.4,289,275656.7712,6538430.3147,11.1020129756517,58.9267006502824
5382,5,N Kosterfjorden,block/grus,öar,02_block/grus,25,20225382025,0,18.6,290,275159.2228,6538442.1133,11.0933792562211,58.9265459042394
5382,5,N Kosterfjorden,klippa/häll,skär,09_skär,29,20225382029,0,5.3,141,275207.1578,6538492.1399,11.094159198949,58.9270192549456
5382,5,N Kosterfjorden,klippa/häll,öar,01_klippstränder,34,20225382034,0,8.9,114,275175.9651,6538567.2243,11.0935425725157,58.9276756565776
5383,5,N n Bohusläns skärgårds kustvatten,sand,öar,03_sand,4,20225383004,0,15.8,133,276744.0563,6538036.5344,11.1212507886266,58.9237394950347
5383,5,N n Bohusläns skärgårds kustvatten,block/grus,öar,02_block/grus,5,20225383005,0,5.8,209,276693.8345,6538040.4097,11.1203766682258,58.9237480841583
5383,5,N n Bohusläns skärgårds kustvatten,klippa/häll,skär,09_skär,13,20225383013,0,35.1,31,276925.3585,6538214.5168,11.1242133688632,58.9254285499573
5383,5,Strömstadsfjorden,klippa/häll,öar,08_havsklippa,16,20225383016,0,17.2,145,277084.7829,6538265.6797,11.1269245468926,58.9259698412577
5383,5,N n Bohusläns skärgårds kustvatten,klippa/häll,öar,01_klippstränder,20,20225383020,0,43.8,131,276958.8739,6538547.6847,11.1244591512817,58.928431226244
5388,3,Gällfjärden,klippa/häll,skär,09_skär,5,20225388005,0,27.3,281,693962.349,6699937.0137,18.5199629313571,60.3891808634227
5390,3,Gällfjärden,klippa/häll,fastland,01_klippstränder,1,20225390001,0,5.1,178,691117.174,6700165.977,18.46865971717,60.3925865371764
5390,3,Gällfjärden,strandäng/våtmark,fastland,15_strandängsbete,2,20225390002,0,76.8,255,691043.7765,6700270.1542,18.4674298461889,60.3935548622142
5395,3,Öregrunds kustvatten,strandäng/våtmark,öar,14_strandäng,21,20225395021,0,25.9,310,695609.8845,6702827.2815,18.5526200409145,60.4142889551146
5397,3,Öregrunds kustvatten,block/grus,öar,02_block/grus,14,20225397014,0,2.7,227,697685.6947,6704196.1439,18.5915881408632,60.4255457687786
5397,3,Öregrunds kustvatten,strandäng/våtmark,öar,14_strandäng,78,20225397078,0,17.6,312,697259.6323,6704625.6367,18.5842892504976,60.429602699409
5397,3,Öregrunds kustvatten,strandäng/våtmark,öar,04_strandäng/våtmark,98,20225397098,0,8.6,264,697388.3978,6704726.8113,18.5867236028336,60.4304464486685
5397,3,Öregrunds kustvatten,klippa/häll,öar,01_klippstränder,126,20225397126,0,9.7,340,697673.5196,6704866.4614,18.5920308406799,60.4315584630682
5672,4,Västra Blekinge skärgårds kustvatten,block/grus,öar,02_block/grus,1,20225672001,0,76,265,491129.8636,6206768.5716,14.8577545287828,56.0061084609469
5673,4,V Hanöbuktens kustvatten,sand,fastland,06_dyner,5,20225673005,0,17.4,0,481731.9821,6207549.7914,14.7069944287847,56.0128616965698
5673,4,V Hanöbuktens kustvatten,sand,fastland,06_dyner,6,20225673006,0,3.7,0,481619.6836,6207550.3246,14.7051932337046,56.012862195735
5674,4,Västra Blekinge skärgårds kustvatten,block/grus,fastland,02_block/grus,5,20225674005,0,12.6,305,485518.8434,6208353.1057,14.7676889449864,56.0202086720497
5675,4,Västra Blekinge skärgårds kustvatten,sand,fastland,06_dyner,1,20225675001,0,10.3,221,485064.6125,6210856.5452,14.7602627436647,56.0426876878187
5675,4,Västra Blekinge skärgårds kustvatten,block/grus,fastland,02_block/grus,3,20225675003,0,4.5,229,485004.4843,6210956.919,14.7592919834885,56.0435876477932
5676,4,Västra Blekinge skärgårds kustvatten,sand,fastland,06_dyner,10,20225676010,0,4.8,257,483728.7127,6213237.9186,14.7386749931403,56.0640402668743
5678,4,Tärnöfjärden sek namn,block/grus,öar,15_strandängsbete,2,20225678002,0,3.7,83,499061.9957,6220557.3327,14.9849093966044,56.1300794400204
5681,4,Mellersta Pukaviksbukten,klippa/häll,skär,09_skär,2,20225681002,0,11.1,82,483931.3149,6222544.4495,14.7413688103493,56.147663482396
5681,4,Mellersta Pukaviksbukten,klippa/häll,fastland,01_klippstränder,7,20225681007,0,5.6,318,484047.9484,6222926.7106,14.7432231470153,56.1511018731328
5693,4,Matviksfjärden,block/grus,öar,02_block/grus,16,20225693016,0,3.4,99,498382.5717,6224493.0774,14.9739549280115,56.1654392139225
5693,4,Matviksfjärden,klippa/häll,öar,01_klippstränder,21,20225693021,0,4.6,105,498328.1523,6224592.9998,14.9730779971571,56.1663367990415
5694,4,Tjäröfjärden,strandäng/våtmark,fastland,14_strandäng,3,20225694003,0,19.7,321,500268.7062,6224589.4663,15.0043270110974,56.1663079072893
5695,4,Tjäröfjärden,block/grus,öar,14_strandäng,1,20225695001,0,29.9,151,503065.6095,6224763.6622,15.0493679083379,56.1678632239402
5698,4,Järnavikafjärden sek namn,strandäng/våtmark,öar,15_strandängsbete,1,20225698001,0,42.8,169,503262.2934,6225347.2056,15.0525424202666,56.173104875729
5703,1,Norrbottens skärgårds kustvatten,strandäng/våtmark,öar,04_strandäng/våtmark,3,20225703003,0,6.8,71,857952.6503,7284043.8577,22.7452784488928,65.480314391067
5703,1,Norrbottens skärgårds kustvatten,konstruerad,öar,05_konstruerad,6,20225703006,0,2.2,333,857882.1518,7284123.5027,22.7439808124256,65.4811000154306
5703,1,Norrbottens skärgårds kustvatten,block/grus,öar,02_block/grus,8,20225703008,0,3.1,61,857885.3543,7284138.007,22.7440877400909,65.4812254413974
5703,1,Norrbottens skärgårds kustvatten,block/grus,öar,14_strandäng,12,20225703012,0,31.9,282,857536.96,7284306.1377,22.7370773535883,65.4831032533941
5703,1,Norrbottens skärgårds kustvatten,klippa/häll,öar,01_klippstränder,14,20225703014,0,28.8,147,857789.7453,7284360.5203,22.7426308787377,65.4833088287128
5703,1,Norrbottens skärgårds kustvatten,block/grus,öar,14_strandäng,28,20225703028,0,16.9,302,857646.3893,7284538.1423,22.7400331106184,65.4850455996937
5703,1,Norrbottens skärgårds kustvatten,block/grus,öar,07_landhöjningsskog,29,20225703029,0,30.1,296,857672.5861,7284546.533,22.7406159697975,65.485091393964
5705,1,Degeröfjärden,block/grus,öar,06_dyner,1,20225705001,0,14.6,213,850019.615,7288546.1345,22.5871559770211,65.5289890750454
5705,1,Degeröfjärden,block/grus,öar,07_landhöjningsskog,11,20225705011,0,14.7,224,849299.9252,7288829.4619,22.5724567986575,65.5322841619346
5705,1,Degeröfjärden,strandäng/våtmark,öar,14_strandäng,14,20225705014,0,33.6,272,849195.6277,7288952.0186,22.5705377406162,65.5334863985873
5713,1,Norrbottens skärgårds kustvatten,block/grus,öar,02_block/grus,4,20225713004,0,19.3,320,858972.6545,7300671.7308,22.8115284688907,65.6270013132832
5714,1,Norrbottens skärgårds kustvatten,block/grus,öar,02_block/grus,6,20225714006,0,14.7,265,858227.6013,7301078.9022,22.7965909837724,65.6314474312282
5714,1,Norrbottens skärgårds kustvatten,block/grus,öar,07_landhöjningsskog,7,20225714007,0,13.8,292,859112.0676,7301113.9521,22.8157174419907,65.6307771977539
5714,1,Norrbottens skärgårds kustvatten,block/grus,skär,09_skär,19,20225714019,0,32.2,90,858485.2697,7301507.6191,22.803287362786,65.6349725001774
5727,3,Högfjärden,block/grus,öar,14_strandäng,2,20225727002,0,23.7,19,747022.0362,6605035.1845,19.3664523824217,59.5106741059419
5734,3,Högfjärden,block/grus,öar,02_block/grus,13,20225734013,0,26.7,346,752253.4692,6609299.4445,19.4636564748243,59.5457362067869
5734,3,Lökharfjärden,klippa/häll,öar,01_klippstränder,22,20225734022,0,14.3,270,752292.4182,6609386.9415,19.4644470921594,59.5464960681413
5740,3,Stenfjärden,klippa/häll,skär,09_skär,3,20225740003,0,20.4,42,757297.681,6617892.2101,19.563015566975,59.6195846613089
5825,1,Måttsundsfjärden,block/grus,öar,07_landhöjningsskog,1,20225825001,0,5.8,75,825269.5002,7282995.4596,22.0423844636028,65.5053236574321
5825,1,Måttsundsfjärden,klippa/häll,skär,01_klippstränder,11,20225825011,0,5.6,41,825190.1883,7283325.9115,22.0414798823078,65.5083455520733
5825,1,Måttsundsfjärden,block/grus,skär,02_block/grus,13,20225825013,0,7.7,84,825170.1661,7283379.523,22.0411796004118,65.5088429758589
5825,1,Måttsundsfjärden,sand,fastland,03_sand,26,20225825026,0,5.8,54,825357.1959,7283931.9169,22.046525433813,65.5135744707902
5826,1,Måttsundsfjärden,sand,fastland,06_dyner,1,20225826001,0,18.4,73,826812.2042,7283327.5582,22.0762810360777,65.5067327301098
5827,1,Börstskärsfjärden,sand,öar,06_dyner,1,20225827001,0,34.1,38,829545.409,7283813.4199,22.1360928973321,65.5082977746617
5827,1,Germandöfjärden,block/grus,öar,06_dyner,3,20225827003,0,12.5,314,829650.2594,7283868.4124,22.1384763721539,65.5086809862096
5830,1,Germandöfjärden,strandäng/våtmark,fastland,06_dyner,3,20225830003,0,28.1,296,830355.3831,7286970.5674,22.1612094445526,65.5355809116285
5831,1,Germandöfjärden,sand,öar,06_dyner,3,20225831003,0,14.1,28,831782.8799,7286498.0766,22.1906929235197,65.5299186356553
5831,1,Germandöfjärden,sand,öar,06_dyner,5,20225831005,0,25,101,831259.5645,7286941.4762,22.1805510196021,65.5344001955397
5832,1,Germandöfjärden,strandäng/våtmark,fastland,06_dyner,1,20225832001,0,23.1,309,830380.4867,7286999.3364,22.161819099083,65.5358114591354
5832,1,Germandöfjärden,strandäng/våtmark,fastland,06_dyner,8,20225832008,0,24.5,305,830796.8384,7287389.0822,22.1717170397815,65.5388567844853
5834,1,Yttre Lulefjärden,sand,fastland,06_dyner,2,20225834002,0,11.4,245,828026.2196,7290901.4275,22.1207946601207,65.5729403973709
5836,1,Yttre Lulefjärden,sand,öar,06_dyner,2,20225836002,0,16.2,71,829661.622,7290335.5459,22.1545693601703,65.5662426550906
5837,1,Yttre Lulefjärden,sand,fastland,06_dyner,1,20225837001,0,8.4,252,827737.0562,7291282.2565,22.115507236045,65.5766236103582
5972,1,Gussöfjärden,block/grus,öar,02_block/grus,4,20225972004,0,10.7,281,838778.9773,7316200.8744,22.4163738049233,65.7869798447908
5972,1,Rånefjärden,klippa/häll,öar,01_klippstränder,23,20225972023,0,12.7,164,838964.4319,7316671.9876,22.4216049358597,65.7909752611389
5972,1,Rånefjärden,block/grus,öar,14_strandäng,25,20225972025,0,105.5,228,838594.2312,7316740.992,22.4137596211123,65.7919802639936
5972,1,Rånefjärden,block/grus,öar,07_landhöjningsskog,32,20225972032,0,3.7,113,838453.5332,7316924.5728,22.4111823708087,65.7937620895981
5975,1,Rånefjärden,block/grus,öar,07_landhöjningsskog,1,20225975001,0,11,266,837144.0016,7321999.3645,22.3958234466449,65.840293602447
5975,1,Rånefjärden,block/grus,skär,02_block/grus,2,20225975002,0,13.5,125,838119.0618,7322968.1027,22.4194940445045,65.8478832528999
5976,1,Törefjärden,strandäng/våtmark,fastland,14_strandäng,4,20225976004,0,31,214,847556.9572,7329179.949,22.6408914703907,65.8930068208045
5976,1,Törefjärden,strandäng/våtmark,fastland,07_landhöjningsskog,10,20225976010,0,5.3,209,847264.3403,7329548.4067,22.6355085915607,65.8966017013201
5976,1,Törefjärden,strandäng/våtmark,fastland,14_strandäng,22,20225976022,0,71,359,847168.7054,7329753.1867,22.6339734902391,65.8985266953401
5976,1,Törefjärden,konstruerad,fastland,05_konstruerad,28,20225976028,0,NA,NA,848058.9029,7329970.1457,22.6539144414533,65.8994861464873
6070,3,Askrikefjärden,strandäng/våtmark,fastland,10_vasstrand,1,20226070001,0,8.6,154,689062.8639,6583440.757,18.3252079036573,59.3472460181259
6070,3,Askrikefjärden,block/grus,fastland,02_block/grus,2,20226070002,0,3.7,234,689012.3076,6583449.9933,18.3243285652169,59.3473514731318
6070,3,Askrikefjärden,konstruerad,fastland,05_konstruerad,8,20226070008,0,NA,NA,689028.5274,6583576.1494,18.3247239513078,59.3484752011971
6070,3,Askrikefjärden,klippa/häll,fastland,01_klippstränder,9,20226070009,0,1.8,234,688999.2544,6583653.4532,18.3242778980014,59.3491813475051
6070,3,Askrikefjärden,klippa/häll,fastland,08_havsklippa,13,20226070013,0,1.8,246,688869.0407,6583863.5255,18.3221762172116,59.3511229717755
6076,3,Askrikefjärden,block/grus,öar,02_block/grus,3,20226076003,0,2.5,353,691439.739,6586016.2329,18.36921850784,59.3692624636888
6076,3,Askrikefjärden,strandäng/våtmark,öar,10_vasstrand,18,20226076018,0,8.4,286,692084.7096,6586779.4154,18.3812281756613,59.3758106182833
6076,3,Askrikefjärden,konstruerad,öar,05_konstruerad,21,20226076021,0,NA,NA,692053.6999,6586884.8962,18.3807776190124,59.3767703317309
6076,3,Askrikefjärden,klippa/häll,öar,01_klippstränder,23,20226076023,0,1.5,153,692015.6518,6586925.5316,18.3801454829604,59.3771519448118
6077,3,Torsbyfjärden,block/grus,öar,02_block/grus,4,20226077004,0,2.9,213,694367.5311,6586152.3943,18.4207630616623,59.369143325799
6077,3,Torsbyfjärden,klippa/häll,öar,01_klippstränder,5,20226077005,0,5.9,23,694694.4155,6586191.4171,18.4265394347054,59.3693422885196
6078,3,Solöfjärden,block/grus,fastland,02_block/grus,1,20226078001,0,3.3,182,697552.1164,6586131.575,18.4766721788107,59.3674764388261
6078,3,Solöfjärden,strandäng/våtmark,fastland,10_vasstrand,3,20226078003,0,2.1,25,697578.2874,6586225.3826,18.4772179039102,59.368305028027
6078,3,Solöfjärden,klippa/häll,fastland,01_klippstränder,4,20226078004,0,2.6,38,697515.824,6586277.7547,18.4761690199962,59.3688037401405
6078,3,Solöfjärden,konstruerad,fastland,05_konstruerad,10,20226078010,0,NA,NA,697257.386,6586461.116,18.4717984531989,59.370568329897
6080,3,Askrikefjärden,block/grus,öar,02_block/grus,1,20226080001,0,2.8,311,691330.7224,6587013.9304,18.3681912043633,59.378255925941
6080,3,Askrikefjärden,block/grus,öar,02_block/grus,4,20226080004,0,1.7,172,691276.896,6587097.4738,18.3673198597321,59.3790292949823
6080,3,Askrikefjärden,klippa/häll,öar,01_klippstränder,7,20226080007,0,4.2,43,691779.0378,6587127.8826,18.376169117172,59.3790736685572
6087,3,Trälhavet,klippa/häll,öar,08_havsklippa,4,20226087004,0,4.4,301,692924.0911,6592768.174,18.4013556714872,59.4291121574786
6087,3,Trälhavet,block/grus,öar,02_block/grus,5,20226087005,0,2.8,3,692842.6494,6592770.2234,18.3999245898774,59.4291678806497
6087,3,Trälhavet,klippa/häll,öar,01_klippstränder,12,20226087012,0,3.1,189,692872.8427,6592951.043,18.4006185973892,59.430774943137
6093,3,Trälhavet,block/grus,fastland,02_block/grus,8,20226093008,0,2.7,285,687702.1479,6596757.0454,18.3129699582222,59.4672356481664
6093,3,Trälhavet,sand,fastland,03_sand,10,20226093010,0,2.2,260,687822.95,6596841.9625,18.3151726249003,59.467942911373
6094,3,Trälhavet,konstruerad,fastland,05_konstruerad,8,20226094008,0,NA,NA,688522.896,6596215.8719,18.3269506621468,59.4620164357294
6094,3,Trälhavet,strandäng/våtmark,fastland,10_vasstrand,10,20226094010,0,2.7,146,688417.8417,6596245.4542,18.3251264192911,59.4623287786253
6099,3,Östra Saxarfjärden,klippa/häll,öar,01_klippstränder,4,20226099004,0,4.5,263,696949.6837,6599090.0846,18.4780007351913,59.4839127130852
6099,3,Västra Saxarfjärden,block/grus,öar,02_block/grus,13,20226099013,0,1.1,288,696501.6596,6599258.2757,18.4702606352622,59.485630320008
6099,3,Västra Saxarfjärden,block/grus,öar,08_havsklippa,16,20226099016,0,5.4,114,696795.2016,6599311.161,18.4754823438588,59.4859667926149
6141,4,Inre Gamlebyviken,block/grus,fastland,02_block/grus,2,20226141002,0,6.1,211,587082.1239,6410761.6656,16.4663803679322,57.8303101157824
6141,4,Inre Gamlebyviken,strandäng/våtmark,fastland,10_vasstrand,3,20226141003,0,10,210,586643.276,6410790.2503,16.4590037085935,57.8306519608395
6141,4,Inre Gamlebyviken,sand,fastland,03_sand,8,20226141008,0,16.8,175,586231.2006,6410935.374,16.4521196636602,57.8320346713015
6144,4,Yttre Gamlebyviken,block/grus,fastland,02_block/grus,1,20226144001,0,2.3,50,588568.958,6410988.3597,16.4914917174921,57.8320538963846
6144,4,Yttre Gamlebyviken,sand,fastland,03_sand,3,20226144003,0,2.8,324,588911.6734,6411070.1295,16.4972912123424,57.8327201692793
6144,4,Yttre Gamlebyviken,block/grus,fastland,15_strandängsbete,7,20226144007,0,3.2,216,588677.3719,6411138.9061,16.4933726120885,57.8333842198679
6144,4,Yttre Gamlebyviken,klippa/häll,fastland,01_klippstränder,8,20226144008,0,1.5,235,588746.5609,6411147.8434,16.4945406597226,57.8334507542603
6148,4,Rågödjupet,strandäng/våtmark,öar,10_vasstrand,6,20226148006,0,34.3,306,603189.7206,6414062.642,16.7389131671056,57.8565231023356
6148,4,Rågödjupet,klippa/häll,skär,09_skär,7,20226148007,0,5.7,262,603381.6451,6414068.8329,16.7421483796185,57.8565343498605
6148,4,Rågödjupet,strandäng/våtmark,öar,14_strandäng,10,20226148010,0,8.1,276,603297.5525,6414139.5919,16.7407627000101,57.8571890677975
6148,4,Rågödjupet,klippa/häll,öar,01_klippstränder,20,20226148020,0,4.5,259,603792.4814,6414436.0341,16.7492278774015,57.8597359266953
6148,4,Rågödjupet,block/grus,öar,02_block/grus,25,20226148025,0,12.8,218,603565.6356,6414689.2226,16.7455168995318,57.8620616821348
6148,4,Rågödjupet,sand,öar,06_dyner,27,20226148027,0,6.7,239,603489.7639,6414764.1327,16.7442713602368,57.8627518028771
6150,4,Smågöfjärden,block/grus,öar,02_block/grus,21,20226150021,0,4.5,248,598351.9406,6415797.704,16.6581451958579,57.8731916872328
6150,4,Smågöfjärden,strandäng/våtmark,fastland,10_vasstrand,24,20226150024,0,9.7,267,598525.0495,6415853.3337,16.661085310395,57.8736530194781
6150,4,Smågöfjärden,strandäng/våtmark,fastland,14_strandäng,26,20226150026,0,17.9,331,598536.3725,6415896.0119,16.661293783721,57.8740337069694
6150,4,Smågöfjärden,klippa/häll,fastland,01_klippstränder,29,20226150029,0,12.7,138,598491.3845,6415956.4308,16.6605606615371,57.8745860946184
6155,4,Rågödjupet,strandäng/våtmark,fastland,15_strandängsbete,2,20226155002,0,7.6,204,600363.3293,6417183.0248,16.6926232686625,57.8851822712123
6155,4,Rågödjupet,strandäng/våtmark,fastland,15_strandängsbete,5,20226155005,0,20,246,600292.9007,6417253.636,16.6914658567573,57.8858320607633
6155,4,Smågöfjärden,strandäng/våtmark,öar,14_strandäng,7,20226155007,0,12.5,235,600436.6264,6417303.8824,16.6939098313725,57.8862508888201
6155,4,Rågödjupet,strandäng/våtmark,fastland,15_strandängsbete,15,20226155015,0,13.6,270,600203.192,6417532.3533,16.6900710679794,57.8883546064019
6155,4,Rågödjupet,strandäng/våtmark,fastland,15_strandängsbete,22,20226155022,0,27.5,301,600304.4109,6417640.6731,16.691823102734,57.8893044101539
6155,4,Rågödjupet,sand,fastland,06_dyner,25,20226155025,0,8.4,300,600940.4318,6417662.8416,16.7025547972483,57.8893601291388
6158,4,Gudingen,sand,fastland,15_strandängsbete,1,20226158001,0,9.7,7,587287.7762,6417980.8416,16.4724871038385,57.8950931150998
6163,4,Syrsan,strandäng/våtmark,fastland,15_strandängsbete,6,20226163006,0,9.9,49,588974.0841,6426961.976,16.5042932972367,57.9754023469085
6164,4,Syrsan,strandäng/våtmark,fastland,10_vasstrand,3,20226164003,0,50.3,313,588826.6818,6428246.35,16.5022848046684,57.9869641762448
6164,4,Syrsan,sand,fastland,03_sand,5,20226164005,0,8.8,222,588786.8844,6428513.1955,16.5017122772567,57.9893681226976
6164,4,Syrsan,konstruerad,fastland,05_konstruerad,6,20226164006,0,NA,NA,588704.7118,6428571.4229,16.5003448475001,57.9899073399508
6164,4,Syrsan,block/grus,fastland,02_block/grus,7,20226164007,0,4.9,227,588681.1412,6428582.0469,16.4999503210634,57.9900074325562
6166,4,Syrsan,strandäng/våtmark,fastland,15_strandängsbete,1,20226166001,0,9.8,243,589874.9182,6429094.3563,16.5203286791321,57.9943678081046
6166,4,Syrsan,strandäng/våtmark,fastland,14_strandäng,5,20226166005,0,36.4,66,589347.0983,6429289.9726,16.5114776359104,57.9962305855966
6167,5,Laholmsbukten,sand,fastland,06_dyner,3,20226167003,0,42.1,95,373422.5929,6265466.8769,12.9427759997478,56.5165377941365
6167,5,Laholmsbukten,sand,fastland,06_dyner,5,20226167005,0,37.4,95,373458.5678,6265683.9156,12.9432546819346,56.5184961292574
6168,5,Laholmsbukten,block/grus,fastland,06_dyner,1,20226168001,0,16.5,1,365729.6457,6280657.2468,12.8099708449635,56.650778018774
6168,5,Laholmsbukten,block/grus,fastland,06_dyner,4,20226168004,0,26.9,5,365605.9632,6280687.3571,12.8079394904877,56.6510128452301
6168,5,Laholmsbukten,sand,fastland,06_dyner,5,20226168005,0,26.9,4,365273.3148,6280687.9435,12.8025179688783,56.6509225052939
6168,5,Laholmsbukten,sand,fastland,06_dyner,6,20226168006,0,17,358,365142.0812,6280692.8118,12.8003767007287,56.6509284279416
6168,5,Laholmsbukten,block/grus,fastland,06_dyner,8,20226168008,0,17.1,268,365822.3696,6280740.3265,12.8114387541368,56.6515504439181
6169,5,S m Hallands kustvatten,sand,fastland,06_dyner,1,20226169001,0,40.2,98,360852.444,6280978.8368,12.730316702697,56.652240862689
6169,5,S m Hallands kustvatten,sand,fastland,06_dyner,4,20226169004,0,50,92,360882.4212,6281326.6745,12.7306175779037,56.6553722895614
6169,5,S m Hallands kustvatten,sand,fastland,06_dyner,9,20226169009,0,42.4,87,360846.9427,6281960.8836,12.7296970012464,56.6610549943995
6170,5,S m Hallands kustvatten,sand,fastland,06_dyner,4,20226170004,0,52.6,93,358254.5065,6286253.0881,12.685076370887,56.6988065430233
6171,5,S m Hallands kustvatten,sand,fastland,06_dyner,3,20226171003,0,9,11,354896.8473,6291139.9117,12.6275315431564,56.7416412475262
6171,5,S m Hallands kustvatten,block/grus,fastland,14_strandäng,5,20226171005,0,70.7,56,354704.1989,6291284.6234,12.624302760657,56.7428802501814
6171,5,S m Hallands kustvatten,block/grus,fastland,15_strandängsbete,10,20226171010,0,48,92,354735.65,6291615.6553,12.624628936549,56.7458614302255
6172,5,S m Hallands kustvatten,sand,fastland,06_dyner,2,20226172002,0,43.9,31,352998.002,6301457.1971,12.5905832985172,56.8336534919662
6172,5,S m Hallands kustvatten,sand,fastland,06_dyner,5,20226172005,0,17.2,72,352847.6601,6301628.3647,12.58802279203,56.8351422977578
6172,5,S m Hallands kustvatten,sand,fastland,06_dyner,7,20226172007,0,29.1,14,352721.0462,6301738.7104,12.5858857819168,56.8360926441133
6206,1,Norrbottens skärgårds kustvatten,strandäng/våtmark,öar,07_landhöjningsskog,1,20226206001,0,8.3,358,853362.2501,7305031.2743,22.7023535846387,65.6719468358556
6206,1,Norrbottens skärgårds kustvatten,block/grus,öar,07_landhöjningsskog,3,20226206003,0,7.3,149,853354.5785,7305062.5933,22.7022714082404,65.672233699676
6206,1,Norrbottens skärgårds kustvatten,block/grus,öar,14_strandäng,4,20226206004,0,17.3,356,853328.02,7305089.6147,22.7017706481878,65.6725030470443
6206,1,Båtöfjärden,block/grus,öar,02_block/grus,18,20226206018,0,3.7,51,853945.7719,7305820.1064,22.7170322135148,65.6783202440414
6207,1,Båtöfjärden,block/grus,öar,14_strandäng,8,20226207008,0,118.3,205,854168.0538,7305480.0153,22.7209190975076,65.67505251855
6207,1,Båtöfjärden,block/grus,öar,07_landhöjningsskog,11,20226207011,0,18.4,41,854218.7587,7305652.5143,22.7224717891355,65.6765304421621
6208,1,Bergöfjärden,block/grus,öar,07_landhöjningsskog,2,20226208002,0,4.2,268,853186.869,7305988.7732,22.7011162611226,65.6806521471634
6208,1,Båtöfjärden,block/grus,öar,02_block/grus,7,20226208007,0,19.4,57,853731.6206,7306055.0437,22.7130398296771,65.680644058163
6208,1,Bergöfjärden,strandäng/våtmark,öar,04_strandäng/våtmark,11,20226208011,0,16.7,30,853199.7567,7306203.345,22.7019644429526,65.682545790649
6211,1,Bergöfjärden,block/grus,skär,09_skär,4,20226211004,0,7.4,164,850965.9587,7313578.899,22.673322616059,65.7505677027493
6211,1,Bergöfjärden,block/grus,fastland,07_landhöjningsskog,6,20226211006,0,14.3,344,850872.5417,7313590.8638,22.6713342761182,65.750776112057
6211,1,Bergöfjärden,block/grus,fastland,02_block/grus,17,20226211017,0,17.4,21,850292.2998,7313923.5911,22.6596686223473,65.7543677724998
6211,1,Bergöfjärden,sand,fastland,06_dyner,18,20226211018,0,10.7,9,850243.7317,7313939.586,22.6586605817106,65.7545629502462
6211,1,Bergöfjärden,strandäng/våtmark,fastland,14_strandäng,20,20226211020,0,15.8,103,850168.1639,7313965.5824,22.6570950681773,65.7548764845058
6213,1,Rånöfjärden,block/grus,skär,02_block/grus,3,20226213003,0,9.1,216,857847.9792,7314564.2954,22.8247638520959,65.751737035471
6213,1,Rånöfjärden,block/grus,skär,07_landhöjningsskog,4,20226213004,0,11.3,217,857222.494,7314617.0627,22.8113845175631,65.7529020738238
6215,1,Bergöfjärden,sand,öar,06_dyner,2,20226215002,0,11.5,158,848655.787,7317347.3233,22.6333219030133,65.7865934387218
6220,1,Siknäsfjärden,block/grus,skär,06_dyner,1,20226220001,0,5.3,333,855253.3614,7323611.5017,22.7930855484966,65.8350390518662
6223,1,Siknäsfjärden,strandäng/våtmark,öar,07_landhöjningsskog,6,20226223006,0,7.7,336,853663.9004,7325186.8248,22.7628590638264,65.8508033674878
6223,1,Siknäsfjärden,block/grus,öar,07_landhöjningsskog,9,20226223009,0,6.8,21,853976.9134,7325365.6352,22.7701358880836,65.8520466054353
6223,1,Siknäsfjärden,block/grus,öar,07_landhöjningsskog,11,20226223011,0,19.9,33,853858.2382,7325414.4016,22.7676917871362,65.8526114433446
6223,1,Siknäsfjärden,block/grus,öar,14_strandäng,25,20226223025,0,18.5,136,853844.9601,7325879.1904,22.7686594973631,65.8567578406293
6223,1,Siknäsfjärden,block/grus,öar,02_block/grus,26,20226223026,0,13,121,853862.8519,7325903.0293,22.7691123409505,65.8569499534613
6282,3,Kränkfjärden sek namn,klippa/häll,skär,09_skär,4,20226282004,0,20.6,26,629890.7774,6500370.8828,17.2367828217277,58.6241828767647
6290,3,Risöområdet sek namn,strandäng/våtmark,öar,15_strandängsbete,3,20226290003,0,17.3,73,632824.6534,6513065.0865,17.2947359561002,58.7372116121337
6290,3,Risöområdet sek namn,strandäng/våtmark,öar,15_strandängsbete,5,20226290005,0,41.9,24,632791.7224,6513171.212,17.2942302834912,58.7381740835039
6290,3,Kråkfjärden,strandäng/våtmark,öar,15_strandängsbete,13,20226290013,0,12.4,219,633058.9036,6513790.4185,17.2992088959513,58.7436485113025
6290,3,Risöområdet sek namn,strandäng/våtmark,öar,15_strandängsbete,14,20226290014,0,17,169,632878.9327,6513791.225,17.2961024258821,58.7437111430166
6290,3,Risöområdet sek namn,strandäng/våtmark,fastland,14_strandäng,25,20226290025,0,17.9,69,632150.0629,6513933.6394,17.2836031946169,58.7452127291312
6314,3,Älgöfjärden,sand,fastland,03_sand,10,20226314010,0,2.2,167,711016.5752,6582338.885,18.7093582142965,59.326965695071
6314,3,Älgöfjärden,klippa/häll,fastland,08_havsklippa,12,20226314012,0,5.4,28,710791.4974,6582383.8971,18.7054552479014,59.3274814771346
6314,3,Älgöfjärden,strandäng/våtmark,fastland,14_strandäng,24,20226314024,0,43.4,7,710194.0474,6582573.8203,18.6951631805202,59.3294812853068
6314,3,Älgöfjärden,block/grus,fastland,02_block/grus,28,20226314028,0,2.1,198,710872.3097,6582732.6183,18.7072131801758,59.3305661568013
6314,3,Älgöfjärden,klippa/häll,fastland,01_klippstränder,31,20226314031,0,7.4,212,710697.7949,6582842.7578,18.70426014798,59.3316402835003
6315,3,Älgöfjärden,strandäng/våtmark,fastland,14_strandäng,2,20226315002,0,29.5,132,702906.019,6583676.0402,18.5683716215582,59.3429255765871
6319,3,Älgöfjärden,klippa/häll,fastland,01_klippstränder,1,20226319001,0,1.7,23,705783.5107,6584989.2149,18.6201138644845,59.353301289665
6319,3,Älgöfjärden,strandäng/våtmark,fastland,15_strandängsbete,5,20226319005,0,9.5,12,706098.2378,6585121.5605,18.6257642791649,59.3543337470091
6320,3,Kanholmsfjärden,klippa/häll,skär,09_skär,7,20226320007,0,20.2,219,712230.4198,6586265.8735,18.7345099621528,59.3615475813284
6320,3,Kanholmsfjärden,klippa/häll,öar,08_havsklippa,14,20226320014,0,11.2,148,712259.0145,6586850.2786,18.7355881679343,59.366770075268
6320,3,Kanholmsfjärden,klippa/häll,öar,01_klippstränder,18,20226320018,0,12.7,247,712351.4853,6586930.2242,18.7372904490034,59.3674399078217
6324,3,Sandöfjärden,klippa/häll,öar,01_klippstränder,1,20226324001,0,7.7,22,703714.289,6588387.2414,18.5870126127243,59.3847606133393
6324,3,Sandöfjärden,klippa/häll,öar,08_havsklippa,3,20226324003,0,12.2,302,703791.5987,6588488.6783,18.588466968139,59.385632353334
6328,3,Träsköfjärden,klippa/häll,öar,08_havsklippa,7,20226328007,0,13.9,310,703268.9995,6590592.4722,18.5812766611306,59.4047402030364
6328,3,Träsköfjärden,klippa/häll,öar,01_klippstränder,10,20226328010,0,5.6,315,703297.1514,6590611.5129,18.5817895627035,59.4048972620133
6328,3,Sandöfjärden,block/grus,öar,02_block/grus,11,20226328011,0,6,293,703969.6739,6590617.4968,18.5936170814975,59.4046255866744
6329,3,Träsköfjärden,klippa/häll,öar,01_klippstränder,29,20226329029,0,6.1,110,705986.8735,6590536.783,18.6289971133813,59.4029200689737
6329,3,Träsköfjärden,strandäng/våtmark,öar,10_vasstrand,37,20226329037,0,25.2,349,705996.4934,6590753.5709,18.6293742408064,59.4048582297437
6329,3,Träsköfjärden,block/grus,öar,02_block/grus,41,20226329041,0,3.2,256,705406.8585,6590889.4155,18.6191397778888,59.4063638013616
6329,3,Träsköfjärden,klippa/häll,öar,08_havsklippa,42,20226329042,0,11.7,85,705230.7404,6590906.3471,18.616060053519,59.4066014459348
6331,3,Träsköfjärden,klippa/häll,öar,01_klippstränder,4,20226331004,0,12.3,218,702794.2595,6591308.9632,18.5736084977698,59.4113907929596
6331,3,Träsköfjärden,block/grus,skär,02_block/grus,10,20226331010,0,2.7,309,702909.5863,6591510.3493,18.5758266548739,59.413140147102
6331,3,Träsköfjärden,klippa/häll,öar,08_havsklippa,11,20226331011,0,23.8,231,702567.7948,6591547.8176,18.5698523073668,59.4136406191802
6333,3,Träsköfjärden,strandäng/våtmark,öar,15_strandängsbete,1,20226333001,0,14.1,71,704913.3161,6592561.2963,18.612061062767,59.4215881187718
6333,3,Träsköfjärden,strandäng/våtmark,öar,15_strandängsbete,3,20226333003,0,22.8,354,704344.2171,6592781.9504,18.6022627765541,59.4238424984373
6333,3,Träsköfjärden,strandäng/våtmark,öar,15_strandängsbete,4,20226333004,0,21.6,19,704130.6459,6592814.2373,18.5985372266128,59.4242355560526
6335,3,Träsköfjärden,block/grus,öar,15_strandängsbete,3,20226335003,0,6.1,238,711462.2639,6592523.1994,18.7271844194879,59.418006185858
6338,3,Träsköfjärden,block/grus,öar,15_strandängsbete,2,20226338002,0,5.5,283,704191.9311,6594195.1384,18.6009311308819,59.436581884467
6345,3,Brandfjärden,block/grus,öar,02_block/grus,10,20226345010,0,21.8,87,722678.0442,6570603.7259,18.901749856353,59.2158385617343
6345,3,Brandfjärden,klippa/häll,öar,01_klippstränder,11,20226345011,0,10.7,23,722672.8,6570615.7605,18.9016705369287,59.2159491390348
6355,3,Brandfjärden,klippa/häll,öar,01_klippstränder,1,20226355001,0,95.9,26,721124.7293,6574864.1102,18.878942977196,59.2548232002359
6355,3,Brandfjärden,block/grus,öar,02_block/grus,4,20226355004,0,57.8,359,721013.0859,6574926.5531,18.8770533708469,59.2554409482961
6356,3,Nämdöfjärden,klippa/häll,öar,08_havsklippa,2,20226356002,0,12.7,314,710292.0079,6575914.4158,18.6904041024457,59.2697538169546
6357,3,Nämdöfjärden,sand,fastland,06_dyner,1,20226357001,0,10.3,285,710566.2927,6577323.3576,18.6965758228054,59.2822437881357
6361,3,Brandfjärden,block/grus,öar,02_block/grus,1,20226361001,0,18.6,19,720260.473,6578553.9351,18.8675738923953,59.2883337572935
6361,3,Brandfjärden,klippa/häll,öar,01_klippstränder,19,20226361019,0,20,291,720587.7484,6578977.705,18.8737373851665,59.2919600548464
6362,3,Björkskärsfjärden,block/grus,öar,14_strandäng,4,20226362004,0,38.3,279,728779.5108,6578793.5413,19.0169955331773,59.2859584121372
6362,3,Stockholms skärgårds m kustvatten,sand,öar,06_dyner,6,20226362006,0,15.9,204,728200.4615,6578937.6868,19.0070092200423,59.2875624900435
6364,3,Getholmsfjärden sek namn,sand,öar,06_dyner,1,20226364001,0,3.4,178,722050.8156,6578982.4438,18.8993663961647,59.2912368322887
6368,3,Nämdöfjärden,sand,öar,14_strandäng,1,20226368001,0,13.6,85,717229.4723,6580340.8407,18.816285004533,59.3059126511223
6369,3,Björkskärsfjärden,klippa/häll,skär,09_skär,6,20226369006,0,21,179,732639.58,6580208.546,19.0860954806023,59.2965279872572
6550,3,N Lidöfjärden sek namn,klippa/häll,öar,01_klippstränder,9,20226550009,0,6.6,133,729459.5187,6639245.4612,19.0942094038687,59.8270768118712
6550,3,N Lidöfjärden sek namn,sand,öar,03_sand,10,20226550010,0,7.9,115,729500.9035,6639289.9908,19.0949946602201,59.8274527047802
6550,3,N Lidöfjärden sek namn,strandäng/våtmark,öar,04_strandäng/våtmark,20,20226550020,0,5.2,310,729655.5148,6639519.731,19.0979983326331,59.8294246421461
6550,3,N Lidöfjärden sek namn,block/grus,öar,02_block/grus,38,20226550038,0,6.3,82,730116.1416,6639839.3134,19.1065461574522,59.8320311638985
6550,3,N Lidöfjärden sek namn,strandäng/våtmark,öar,15_strandängsbete,40,20226550040,0,5.4,313,729716.3109,6639909.2719,19.0995093821159,59.8328798374701
6552,3,Björköfjärden,strandäng/våtmark,fastland,14_strandäng,4,20226552004,0,14.6,84,723745.424,6641577.2679,18.995051173879,59.8510921596337
6555,3,Stockholms skärgårds n n,klippa/häll,öar,01_klippstränder,7,20226555007,0,31.4,92,729090.8694,6645091.1186,19.0940879608453,59.8796380420505
6555,3,Stockholms skärgårds n n,block/grus,öar,02_block/grus,9,20226555009,0,4.4,57,728145.4896,6645242.4712,19.0774092907874,59.8815168162872
6556,3,Björköfjärden,block/grus,skär,02_block/grus,10,20226556010,0,3.6,27,719886.3943,6646317.9626,18.9313548812953,59.8956305633631
6556,3,Björköfjärden,strandäng/våtmark,öar,04_strandäng/våtmark,12,20226556012,0,1.7,25,719971.7453,6646429.0891,18.9329945348438,59.8965805957102
6556,3,Björköfjärden,sand,öar,03_sand,13,20226556013,0,6.8,199,720015.0365,6646543.7217,18.9338880357718,59.8975844329942
6558,3,Väddö kustvatten,sand,öar,06_dyner,1,20226558001,0,6.2,109,726089.8738,6646347.4161,19.041981956296,59.8925440743235
6564,3,Väddö kustvatten,sand,öar,06_dyner,2,20226564002,0,17.8,321,717751.3063,6654678.1426,18.902084850682,59.9716575142824
6565,3,Väddö kustvatten,sand,öar,06_dyner,1,20226565001,0,17.2,233,716428.9649,6655525.5473,18.8793413034753,59.9799466308923
6565,3,Väddö kustvatten,block/grus,öar,14_strandäng,3,20226565003,0,23.5,109,716732.442,6655576.7878,18.8848202099685,59.9802459351877
6568,3,Väddö kustvatten,klippa/häll,öar,08_havsklippa,6,20226568006,0,19.8,217,714755.3723,6660507.1924,18.8546193734192,60.025453942019
6568,3,Väddö kustvatten,block/grus,öar,02_block/grus,9,20226568009,0,22.6,226,714685.6785,6660564.3046,18.8534314030373,60.0260020420866
6568,3,Väddö kustvatten,klippa/häll,öar,01_klippstränder,14,20226568014,0,11.2,194,714471.4543,6660833.4671,18.8498772804082,60.0285253837487
6591,4,Orren,klippa/häll,öar,01_klippstränder,1,20226591001,0,4.5,82,604290.3842,6461019.0655,16.7782889572014,58.2778275920173
6591,4,Orren,strandäng/våtmark,öar,10_vasstrand,4,20226591004,0,3.7,50,604204.6306,6461293.814,16.776951114203,58.2803144243497
6591,4,Orren,strandäng/våtmark,öar,15_strandängsbete,8,20226591008,0,104.8,82,604222.2936,6461888.9144,16.7775198924483,58.2856526522289
6599,4,Lagnöströmmen,strandäng/våtmark,öar,14_strandäng,3,20226599003,0,70,238,603960.2015,6470932.7693,16.7771229543704,58.366903907903
6603,4,Lagnöströmmen,block/grus,öar,02_block/grus,15,20226603015,0,3.2,79,603935.359,6472366.1456,16.7773455708862,58.379777510381
6603,4,Trännöfjärden,klippa/häll,öar,08_havsklippa,25,20226603025,0,7.3,60,603714.6837,6472603.1304,16.7736808024258,58.3819572638888
6603,4,Trännöfjärden,klippa/häll,öar,01_klippstränder,30,20226603030,0,2.4,296,603253.2743,6472691.673,16.7658340430067,58.3828611183159
6682,5,Sotefjorden,klippa/häll,skär,08_havsklippa,4,20226682004,0,25.7,340,282475.7269,6489786.6637,11.2672007509424,58.4942803766998
6684,5,M n Bohusläns skärgårds kustvatten,klippa/häll,öar,01_klippstränder,3,20226684003,0,6.1,325,269141.9102,6495311.2712,11.0334091095013,58.5369300685913
6684,5,M n Bohusläns skärgårds kustvatten,klippa/häll,öar,08_havsklippa,23,20226684023,0,4.4,223,269152.5644,6495794.6663,11.0331017209309,58.5412668217305
6685,5,Fjällbacka yttre skärgård,klippa/häll,öar,01_klippstränder,6,20226685006,0,40.2,288,279361.682,6496526.542,11.2073737268022,58.5531174570641
6685,5,Fjällbacka yttre skärgård,klippa/häll,öar,08_havsklippa,11,20226685011,0,18.1,118,279311.9435,6496582.0065,11.2064671173396,58.5535892957171
6687,5,Fjällbacka inre skärgård,strandäng/våtmark,fastland,15_strandängsbete,2,20226687002,0,11.6,101,283662.9187,6497659.9672,11.2800498061556,58.5654343910234
6688,5,Fjällbacka inre skärgård,sand,öar,15_strandängsbete,1,20226688001,0,8.3,180,283348.8213,6498893.4411,11.2734861108211,58.576332821349
6693,5,Fjällbacka yttre skärgård,klippa/häll,skär,08_havsklippa,3,20226693003,0,3.6,197,279364.0157,6503217.8888,11.2009121718808,58.6130832650825
6693,5,Fjällbacka yttre skärgård,klippa/häll,öar,01_klippstränder,11,20226693011,0,56.9,140,280108.9239,6503762.8377,11.2131773929321,58.6183446387131
6694,5,Fjällbacka inre skärgård,strandäng/våtmark,fastland,14_strandäng,1,20226694001,0,14.8,164,283767.1776,6504137.9204,11.2756647242418,58.6235433725784
6694,5,Fjällbacka inre skärgård,strandäng/våtmark,fastland,04_strandäng/våtmark,2,20226694002,0,3.4,232,283727.4056,6504140.3145,11.2749790839385,58.6235450178284
6694,5,Fjällbacka inre skärgård,sand,fastland,03_sand,6,20226694006,0,1.4,201,283616.1946,6504322.7824,11.2728939200794,58.6251249104217
6694,5,Fjällbacka inre skärgård,sand,fastland,06_dyner,10,20226694010,0,11.8,127,283334.0889,6504432.6319,11.267941541528,58.6259686875094
6694,5,Fjällbacka inre skärgård,klippa/häll,fastland,01_klippstränder,16,20226694016,0,1,259,283429.3775,6504621.8141,11.269397904367,58.6277117124613
6694,5,Fjällbacka inre skärgård,klippa/häll,fastland,08_havsklippa,20,20226694020,0,1.9,211,283392.8523,6504692.3234,11.2687028016765,58.6283254001847
6694,5,Fjällbacka inre skärgård,block/grus,fastland,02_block/grus,27,20226694027,0,5.7,108,283390.1872,6504800.0321,11.2685539404159,58.6292893682279
6695,5,Grebbestad inre skärgård,block/grus,öar,14_strandäng,6,20226695006,0,20.8,93,282062.0723,6505832.7267,11.2447369793699,58.6378794252864
7091,2,Södra Sundet,block/grus,fastland,02_block/grus,2,20227091002,0,22.1,295,649799.9648,6940118.1474,17.9145078152886,62.5615121482248
7091,2,Södra Sundet,klippa/häll,fastland,01_klippstränder,6,20227091006,0,35.5,268,649886.8074,6940434.9522,17.9164730846748,62.5643168706371
7091,2,Södra Sundet,block/grus,fastland,08_havsklippa,7,20227091007,0,12.8,232,649831.914,6940521.3415,17.9154824891007,62.5651135293873
7091,2,Södra Sundet,block/grus,fastland,07_landhöjningsskog,8,20227091008,0,10.1,280,649808.6806,6940626.1593,17.9151231408009,62.5660625530757
7093,2,Södra Sundet,sand,öar,06_dyner,1,20227093001,0,25.3,315,649601.2376,6941715.3498,17.9120481915835,62.5759103120169
7094,2,Södra Sundet,block/grus,öar,02_block/grus,3,20227094003,0,2.4,58,651591.7903,6941121.4715,17.9502063145034,62.5697757972885
7096,2,Älandsfjärden,sand,öar,06_dyner,2,20227096002,0,14.9,162,651803.623,6949437.3178,17.9617449247064,62.6442306905136
7097,2,Älandsfjärden,klippa/häll,öar,01_klippstränder,4,20227097004,0,11.7,213,649832.4842,6950702.4353,17.9244656441799,62.6563779302324
7097,2,Älandsfjärden,block/grus,öar,02_block/grus,5,20227097005,0,8.8,218,649747.4058,6950738.5208,17.9228395348953,62.6567359998851
7176,4,Ö sydkustens kustvatten,block/grus,fastland,16_mjukklippa,1,20227176001,0,57.8,20,440115.0001,6137588.7238,14.0548460982995,55.3809296735132
7176,4,Ö sydkustens kustvatten,block/grus,fastland,16_mjukklippa,4,20227176004,0,62.4,46,439792.2329,6137927.8471,14.0496796510759,55.3839370891848
7177,4,Sandhammaren-Simrishamn,sand,fastland,06_dyner,2,20227177002,0,49,312,449270.5605,6137973.6924,14.1992595312445,55.3854200622018
7178,4,Ö sydkustens kustvatten,sand,fastland,06_dyner,1,20227178001,0,10.6,46,437125.9733,6140324.8799,14.0070626435858,55.4051389390423
7178,4,Ö sydkustens kustvatten,konstruerad,fastland,06_dyner,2,20227178002,0,NA,NA,437032.4376,6140410.9981,14.005566300975,55.4059006663724
7178,4,Ö sydkustens kustvatten,sand,fastland,06_dyner,3,20227178003,0,15.1,49,436950.1933,6140508.3357,14.0042456620907,55.4067646269701
7180,4,Ö sydkustens kustvatten,sand,fastland,06_dyner,2,20227180002,0,12.1,26,421919.0719,6142783.1218,13.7662758901178,55.4250382026198
7180,4,Ö sydkustens kustvatten,sand,fastland,06_dyner,6,20227180006,0,8,15,421523.6086,6142954.3879,13.7599807550713,55.4265136457358
7181,4,Sandhammaren-Simrishamn,sand,fastland,06_dyner,2,20227181002,0,33.7,289,451288.7868,6142196.1212,14.2303760774874,55.4235630669643
7181,4,Sandhammaren-Simrishamn,sand,fastland,06_dyner,3,20227181003,0,46,287,451343.7644,6142316.4895,14.2312236113942,55.4246500346591
7181,4,Sandhammaren-Simrishamn,sand,fastland,06_dyner,5,20227181005,0,48.8,287,451388.2468,6142453.1483,14.2319025367791,55.4258823254376
7181,4,Sandhammaren-Simrishamn,sand,fastland,06_dyner,6,20227181006,0,33.7,287,451405.9084,6142540.8574,14.2321662818503,55.4266721415666
7181,4,Sandhammaren-Simrishamn,sand,fastland,06_dyner,8,20227181008,0,26.8,287,451522.7449,6142868.0776,14.2339553079299,55.4296237801095
7182,4,Sandhammaren-Simrishamn,block/grus,fastland,06_dyner,1,20227182001,0,15.4,305,453139.6515,6144758.7847,14.2591853587791,55.4467691058211
7184,4,Sandhammaren-Simrishamn,block/grus,fastland,02_block/grus,3,20227184003,0,20,293,457230.03,6150184.6985,14.3230098468061,55.4958957714164
7184,4,Sandhammaren-Simrishamn,klippa/häll,fastland,01_klippstränder,10,20227184010,0,8.4,11,457631.0922,6150734.0798,14.3292737334396,55.5008669247663
7184,4,Sandhammaren-Simrishamn,klippa/häll,fastland,14_strandäng,13,20227184013,0,38.2,321,457781.2197,6150904.9855,14.3316241540184,55.5024155151042
7186,4,Sandhammaren-Simrishamn,klippa/häll,fastland,14_strandäng,10,20227186010,0,23.3,299,458708.5787,6151516.159,14.3462133274917,55.5079861939826
7186,4,Sandhammaren-Simrishamn,klippa/häll,fastland,01_klippstränder,13,20227186013,0,32.1,295,458874.3157,6151805.6563,14.3487943914897,55.5106013298779
7186,4,Sandhammaren-Simrishamn,block/grus,fastland,02_block/grus,14,20227186014,0,14.5,274,458876.1084,6151935.1081,14.3488035741949,55.5117646159805
7189,4,V Hanöbuktens kustvatten,sand,fastland,06_dyner,3,20227189003,0,16.6,258,454882.5785,6163868.7218,14.2836227306509,55.618634270321
7190,4,V Hanöbuktens kustvatten,sand,fastland,06_dyner,1,20227190001,0,21,269,454478.041,6168005.7601,14.2765153545142,55.6557668989727
7191,4,V Hanöbuktens kustvatten,block/grus,fastland,02_block/grus,1,20227191001,0,20.4,227,450992.1946,6171977.8189,14.2204107015504,55.6911151847816
7191,4,V Hanöbuktens kustvatten,sand,fastland,06_dyner,7,20227191007,0,12.6,242,450626.8284,6172498.0147,14.2145055608915,55.6957518764815
7191,4,V Hanöbuktens kustvatten,sand,fastland,03_sand,13,20227191013,0,9.1,184,450302.9616,6172889.88,14.2092825332352,55.6992395402756
7191,4,V Hanöbuktens kustvatten,konstruerad,fastland,05_konstruerad,19,20227191019,0,7.7,136,450202.4943,6172972.8435,14.2076691148297,55.6999746262389
7192,4,V Hanöbuktens kustvatten,sand,fastland,06_dyner,5,20227192005,0,27.2,266,449944.7094,6173728.0576,14.2034299217268,55.7067333274122
7192,4,V Hanöbuktens kustvatten,sand,fastland,06_dyner,8,20227192008,0,22.8,271,449929.7673,6173929.6217,14.2031553073903,55.708542738743
7213,1,Norrbottens skärgårds kustvatten,block/grus,öar,02_block/grus,4,20227213004,0,5.4,28,823496.3935,7269287.9719,21.9716319208664,65.3850204839192
7213,1,Norrbottens skärgårds kustvatten,block/grus,öar,07_landhöjningsskog,7,20227213007,0,34.6,79,823362.2442,7269610.0763,21.9695314248415,65.3880219447066
7226,1,Börstskärsfjärden,block/grus,öar,14_strandäng,3,20227226003,0,33.3,300,826600.0074,7277703.817,22.0581384318895,65.4568718651392
7226,1,Börstskärsfjärden,block/grus,öar,07_landhöjningsskog,5,20227226005,0,22,325,826437.2257,7277709.1349,22.0546658145362,65.4570824260114
7226,1,Börstskärsfjärden,block/grus,öar,14_strandäng,13,20227226013,0,57.6,268,826661.4045,7277795.7903,22.0596748827933,65.4576292358416
7236,1,Norrbottens skärgårds kustvatten,block/grus,skär,09_skär,3,20227236003,0,24,47,886785.804,7314570.5466,23.4494737479168,65.7182902330783
7239,1,Norrbottens skärgårds kustvatten,block/grus,skär,09_skär,1,20227239001,0,23.9,121,888118.0874,7315721.7079,23.4815634807492,65.7269017580738
7241,1,Repskärsfjärden,block/grus,öar,02_block/grus,2,20227241002,0,9.9,145,883118.0434,7317656.9996,23.379333427466,65.7500733711361
7241,1,Repskärsfjärden,block/grus,öar,07_landhöjningsskog,6,20227241006,0,13.5,321,882834.4538,7317921.5109,23.3739779727426,65.7527591729974
7244,1,Repskärsfjärden,block/grus,fastland,07_landhöjningsskog,1,20227244001,0,8,298,874974.1452,7318011.168,23.2044675676438,65.7628257617023
7244,1,Repskärsfjärden,strandäng/våtmark,fastland,14_strandäng,3,20227244003,0,15.5,87,874728.3652,7318048.7658,23.1992636917329,65.7634464890307
7244,1,Repskärsfjärden,block/grus,fastland,02_block/grus,21,20227244021,0,3.4,73,874923.938,7318551.6095,23.2049181085163,65.7676835164985
7245,1,Repskärsfjärden,sand,öar,06_dyner,1,20227245001,0,13.4,310,877942.366,7317993.8582,23.2685426494841,65.7591933120066
7247,1,Repskärsfjärden,sand,öar,06_dyner,1,20227247001,0,5.5,138,879512.5014,7321381.2339,23.3122022794625,65.7874144301108
7249,1,Bodöfjärden,klippa/häll,öar,01_klippstränder,1,20227249001,0,17,329,888922.7084,7322173.6652,23.5179067438388,65.7831792048591
7249,1,Bodöfjärden,klippa/häll,skär,09_skär,3,20227249003,0,12,282,888855.5493,7322220.0498,23.516592533023,65.7836721581336
7249,1,Bodöfjärden,block/grus,öar,02_block/grus,6,20227249006,0,9.8,85,888949.6048,7322247.8871,23.518706952107,65.7838051668379
7249,1,Bodöfjärden,konstruerad,öar,05_konstruerad,12,20227249012,0,7,148,889106.8078,7322436.4783,23.5226605274784,65.7852879134142
7255,1,Kroksfjärden,block/grus,fastland,14_strandäng,5,20227255005,0,29.9,94,886688.8385,7324195.6997,23.4755741632826,65.8038223218161
7255,1,Kroksfjärden,block/grus,fastland,07_landhöjningsskog,19,20227255019,0,3.6,138,886316.8895,7324857.5919,23.4694744892189,65.8101443689527
7256,1,Kroksfjärden,strandäng/våtmark,fastland,07_landhöjningsskog,2,20227256002,0,28.2,234,884039.696,7325093.6599,23.4208984167229,65.8149764498484
7256,1,Kroksfjärden,strandäng/våtmark,fastland,14_strandäng,3,20227256003,0,17,269,884048.9072,7325150.2304,23.4212630546788,65.8154674766814
7256,1,Kroksfjärden,block/grus,fastland,02_block/grus,8,20227256008,0,6.4,266,884121.9083,7325294.8601,23.4232654968944,65.8166635611883
7256,1,Kroksfjärden,strandäng/våtmark,fastland,10_vasstrand,9,20227256009,0,7.4,309,884120.0269,7325473.1706,23.4237460675594,65.818248324695
7258,1,Seskaröfjärden,block/grus,fastland,07_landhöjningsskog,1,20227258001,0,10.8,223,892376.7529,7324996.1063,23.6009330449773,65.8040128722801
7258,1,Seskaröfjärden,block/grus,fastland,02_block/grus,4,20227258004,0,4,249,892309.7393,7325202.5707,23.6001000231613,65.8059264152644
7258,1,Seskaröfjärden,strandäng/våtmark,fastland,06_dyner,16,20227258016,0,16,292,892347.7859,7325683.5562,23.6023576558898,65.8101466234426
7258,1,Seskaröfjärden,block/grus,fastland,14_strandäng,18,20227258018,0,12.5,307,892504.6422,7325692.0566,23.6057749271355,65.8100299776115
7258,1,Seskaröfjärden,block/grus,fastland,06_dyner,21,20227258021,0,13.9,305,892399.5989,7325736.7627,23.603636872743,65.8105551797615
7258,1,Seskaröfjärden,sand,fastland,03_sand,24,20227258024,0,17.6,50,892790.8873,7325818.3276,23.6123418574552,65.810799416847
7260,1,Seskaröfjärden,block/grus,öar,07_landhöjningsskog,1,20227260001,0,31.6,125,897535.6395,7325996.8047,23.7154579951768,65.8065330051572
7260,1,Seskaröfjärden,block/grus,öar,02_block/grus,4,20227260004,0,19.1,17,898047.3183,7326857.2381,23.7291222595761,65.8135283370338
7261,1,Seskaröfjärden,block/grus,öar,07_landhöjningsskog,1,20227261001,0,14.1,195,898044.824,7327094.1866,23.7297859147329,65.8156326636601
7262,2,Svartviksfjärden,konstruerad,fastland,05_konstruerad,2,20227262002,0,NA,NA,622872.171,6912146.5923,17.3712397722646,62.3205853930449
7262,2,Svartviksfjärden,block/grus,fastland,02_block/grus,4,20227262004,0,1.6,275,622858.1079,6912471.4676,17.3711983279363,62.3235036530052
7269,2,Sundsvallsbukten,sand,öar,06_dyner,2,20227269002,0,16.9,307,627724.4643,6925591.0211,17.4747043134593,62.4395243349207
7270,2,Sundsvallsbukten,strandäng/våtmark,öar,06_dyner,3,20227270003,0,28.7,323,628766.7086,6926637.2454,17.4956578370772,62.4485467775026
7274,2,Klingerfjärden,sand,öar,06_dyner,2,20227274002,0,5,330,627272.0599,6933314.8319,17.471670758412,62.5089437650027
7274,2,Klingerfjärden,sand,öar,06_dyner,4,20227274004,0,17.6,274,627468.9711,6933487.6792,17.4756191969871,62.5104261117499
7274,2,Klingerfjärden,sand,fastland,06_dyner,5,20227274005,0,4.5,341,627786.2444,6933487.8168,17.4817742973655,62.5103180891181
7274,2,Klingerfjärden,sand,fastland,06_dyner,6,20227274006,0,5.6,356,627919.008,6933513.3205,17.4843688952555,62.5105009938959
7370,3,Karlholmsfjärden,strandäng/våtmark,fastland,14_strandäng,2,20227370002,0,64.3,198,646094.7909,6711687.1547,17.6611628885287,60.5146876661214
7370,3,Karlholmsfjärden,strandäng/våtmark,fastland,15_strandängsbete,13,20227370013,0,53,266,645816.5137,6711936.0736,17.656283254163,60.5170210815393
7373,3,Karlholmsfjärden,strandäng/våtmark,öar,14_strandäng,7,20227373007,0,56.8,298,648581.2009,6712058.0291,17.7066725645207,60.5171039490421
7373,3,Karlholmsfjärden,block/grus,öar,02_block/grus,25,20227373025,0,3.9,257,649050.9544,6712523.4596,17.7155683422384,60.5211044953537
7373,3,Karlholmsfjärden,strandäng/våtmark,skär,14_strandäng,42,20227373042,0,14.8,184,648329.863,6712783.4321,17.7026422901132,60.5237024598646
7373,3,Karlholmsfjärden,strandäng/våtmark,öar,07_landhöjningsskog,45,20227373045,0,6.4,25,648213.5,6712870.547,17.7005899552361,60.5245266263033
7376,3,Lövstabukten,strandäng/våtmark,skär,14_strandäng,9,20227376009,0,13.9,323,647890.7835,6716867.9102,17.6977017602035,60.5604960206676
7376,3,Lövstabukten,block/grus,skär,07_landhöjningsskog,12,20227376012,0,12.9,181,648007.8272,6716917.3102,17.6998709557772,60.5608959746386
7377,3,Lövstabukten,block/grus,öar,07_landhöjningsskog,1,20227377001,0,12.3,295,643695.095,6717987.1751,17.6220760824072,60.5720570532696
7377,3,Lövstabukten,block/grus,öar,02_block/grus,3,20227377003,0,6.7,29,643226.0054,6718012.8311,17.6135454177875,60.5724547090434
7378,3,Lövstabukten,strandäng/våtmark,fastland,07_landhöjningsskog,7,20227378007,0,40.6,314,642331.6268,6719100.9122,17.5980285707041,60.5825319078645
7378,3,Lövstabukten,block/grus,skär,07_landhöjningsskog,10,20227378010,0,4.7,18,642794.9483,6719142.5046,17.6065055635831,60.5827404399454
7378,3,Lövstabukten,strandäng/våtmark,fastland,14_strandäng,13,20227378013,0,26.4,8,642147.319,6719171.7158,17.5947193395254,60.5832322600021
7380,3,Lövstabukten,block/grus,fastland,07_landhöjningsskog,5,20227380005,0,46.8,140,655268.0149,6719487.7994,17.8341404603712,60.5812074027566
7380,3,Lövstabukten,klippa/häll,fastland,01_klippstränder,10,20227380010,0,6.5,42,655570.4726,6719649.4117,17.8397806215331,60.5825395789548
7380,3,Lövstabukten,block/grus,fastland,02_block/grus,13,20227380013,0,14.2,124,655674.6533,6719686.6842,17.8417089681698,60.5828334369973
7381,3,Lövstabukten,strandäng/våtmark,skär,14_strandäng,3,20227381003,0,12.5,74,642207.2301,6720025.2521,17.5964263359833,60.590866619165
7381,3,Lövstabukten,strandäng/våtmark,fastland,15_strandängsbete,5,20227381005,0,15.9,179,642158.3839,6720143.3744,17.5956206412597,60.5919433907831
7381,3,Lövstabukten,block/grus,fastland,14_strandäng,6,20227381006,0,43.9,260,642303.7478,6720246.7024,17.5983460867918,60.5928186467391
7381,3,Lövstabukten,strandäng/våtmark,fastland,14_strandäng,12,20227381012,0,60.6,72,642903.1525,6720569.4388,17.6095111165068,60.595500327851
7382,3,Lövstabukten,block/grus,fastland,02_block/grus,2,20227382002,0,18.1,170,656602.1212,6720102.1254,17.8589438858172,60.5861981400608
7382,3,Lövstabukten,klippa/häll,fastland,01_klippstränder,6,20227382006,0,31.5,147,656693.3292,6720153.8961,17.8606476352044,60.5866267918276
7384,3,Lövstabukten,block/grus,öar,02_block/grus,5,20227384005,0,6.7,199,645970.6332,6723146.2679,17.6673626156076,60.6175070887744
7384,3,Lövstabukten,strandäng/våtmark,öar,10_vasstrand,12,20227384012,0,6.3,212,645726.7808,6723227.3875,17.662972280961,60.6183233368303
7384,3,Lövstabukten,strandäng/våtmark,fastland,14_strandäng,23,20227384023,0,50.3,312,645780.692,6723339.2794,17.6640389875406,60.6193072634663
7384,3,Lövstabukten,strandäng/våtmark,fastland,14_strandäng,24,20227384024,0,26.3,0,645691.4629,6723351.1916,17.6624192638616,60.6194465378439
7384,3,Lövstabukten,strandäng/våtmark,fastland,14_strandäng,29,20227384029,0,20.8,98,645336.1463,6723393.8859,17.6559657681698,60.6199584242762
7384,3,Lövstabukten,klippa/häll,fastland,01_klippstränder,41,20227384041,0,29,254,645932.6296,6723543.0656,17.6669629810717,60.62107967984
7384,3,Lövstabukten,strandäng/våtmark,fastland,07_landhöjningsskog,48,20227384048,0,12.6,238,645488.1637,6723606.3029,17.6588972146825,60.6218083979102
7384,3,Lövstabukten,block/grus,fastland,14_strandäng,53,20227384053,0,33.7,8,645963.3581,6723676.2669,17.66762254829,60.6222631324481
7384,3,Lövstabukten,block/grus,fastland,14_strandäng,58,20227384058,0,19.9,302,646024.212,6723799.5502,17.6688247019913,60.6233466562927
7384,3,Lövstabukten,block/grus,fastland,14_strandäng,59,20227384059,0,25.1,275,646038.4684,6723866.6064,17.6691346531542,60.6239428672544
7390,2,Gävlebuktens utsjövatten,sand,fastland,06_dyner,19,20227390019,0,10.2,200,639649.362,6727567.5377,17.5551283823806,60.6594153132174
7390,2,Gävlebuktens utsjövatten,sand,fastland,06_dyner,20,20227390020,0,10.3,253,639622.8956,6727590.5435,17.5546610506987,60.6596308960235
7390,2,Gävlebuktens utsjövatten,block/grus,fastland,06_dyner,26,20227390026,0,35.7,267,639617.9784,6727646.6431,17.5546110612442,60.6601357932895
7390,2,Gävlebuktens utsjövatten,block/grus,fastland,06_dyner,28,20227390028,0,23.1,202,639515.6085,6727704.3606,17.5527811623261,60.6606891860815
7999,1,Övningsytor,klippa/häll,fastland,01_klippstränder,857,20227999857,6-Mod exponerat,10,123,731736.604160563,7042375.85459279,19.6471873758511,63.4341612651598
7999,1,Övningsytor,klippa/häll,fastland,01_klippstränder,860,20227999860,6-Mod exponerat,10,123,731731.878172182,7042333.32069736,19.6470312079515,63.4337838635915
7999,1,Övningsytor,klippa/häll,fastland,01_klippstränder,862,20227999862,6-Mod exponerat,10,123,731722.426195421,7042290.78680194,19.6467806468484,63.433409535152
7999,1,Övningsytor,klippa/häll,fastland,01_klippstränder,865,20227999865,6-Mod exponerat,10,123,731710.611224469,7042248.25290651,19.6464828943069,63.4330367427688
7999,1,Övningsytor,klippa/häll,fastland,01_klippstränder,867,20227999867,6-Mod exponerat,10,123,731712.97421866,7042205.71901109,19.6464683350307,63.4326547307016
7999,1,Övningsytor,klippa/häll,fastland,01_klippstränder,869,20227999869,6-Mod exponerat,10,123,731703.522241898,7042163.18511566,19.6462177917114,63.4322804010952
7999,1,Övningsytor,klippa/häll,fastland,01_klippstränder,870,20227999870,6-Mod exponerat,10,123,731691.707270947,7042118.28822605,19.6459166283735,63.4318864697963
7999,1,Övningsytor,klippa/häll,fastland,01_klippstränder,873,20227999873,6-Mod exponerat,10,123,731705.885236089,7042082.84331319,19.6461483477382,63.4315601882845
7999,1,Övningsytor,klippa/häll,fastland,01_klippstränder,874,20227999874,6-Mod exponerat,10,123,731727.152183802,7042047.39840034,19.6465216475625,63.4312292968692
7999,1,Övningsytor,klippa/häll,fastland,01_klippstränder,876,20227999876,6-Mod exponerat,10,123,731757.871108275,7042016.67947587,19.6470905795527,63.4309345327971
7999,1,Övningsytor,klippa/häll,fastland,01_klippstränder,877,20227999877,6-Mod exponerat,10,123,731826.397939794,7041983.5975572,19.6484111734367,63.4305940365008
7999,1,Övningsytor,klippa/häll,fastland,01_klippstränder,899,20227999899,6-Mod exponerat,10,123,731790.95302694,7041995.41252815,19.6477204201719,63.430722779619
7999,1,Övningsytor,klippa/häll,fastland,01_klippstränder,957,20227999957,6-Mod exponerat,10,123,731956.36262026,7041917.43371987,19.6509106878631,63.4299176220052
7999,1,Övningsytor,klippa/häll,fastland,01_klippstränder,960,20227999960,6-Mod exponerat,10,123,731987.081544734,7041936.33767339,19.6515516670332,63.4300667261087
7999,1,Övningsytor,klippa/häll,fastland,01_klippstränder,962,20227999962,6-Mod exponerat,10,123,732015.437475018,7041955.24162692,19.6521454596409,63.4302173656731
7999,1,Övningsytor,klippa/häll,fastland,01_klippstränder,965,20227999965,6-Mod exponerat,10,123,732048.519393682,7041967.05659787,19.6528233393619,63.4303015134812
7999,1,Övningsytor,klippa/häll,fastland,01_klippstränder,967,20227999967,6-Mod exponerat,10,123,732079.238318156,7041981.23456301,19.6534574653324,63.4304083341933
7999,1,Övningsytor,klippa/häll,fastland,01_klippstränder,969,20227999969,6-Mod exponerat,10,123,732117.046225201,7041995.41252815,19.6542331764379,63.4305105348857
7999,1,Övningsytor,klippa/häll,fastland,01_klippstränder,970,20227999970,6-Mod exponerat,10,123,732150.128143865,7041983.5975572,19.6548767008485,63.430383299847
7999,1,Övningsytor,klippa/häll,fastland,01_klippstränder,973,20227999973,6-Mod exponerat,10,123,732183.210062529,7041983.5975572,19.6555374056588,63.4303617482765
7999,1,Övningsytor,klippa/häll,fastland,01_klippstränder,974,20227999974,6-Mod exponerat,10,123,732218.654975383,7041978.87156882,19.6562384268936,63.4302963794397
7999,1,Övningsytor,klippa/häll,fastland,01_klippstränder,976,20227999976,6-Mod exponerat,10,123,732256.462882428,7041974.14558044,19.6569866376456,63.4302294672125
7999,1,Övningsytor,klippa/häll,fastland,01_klippstränder,977,20227999977,6-Mod exponerat,10,123,732291.907795283,7041969.41959206,19.6576876520623,63.4301640913155
7999,1,Övningsytor,klippa/häll,fastland,01_klippstränder,999,20227999999,6-Mod exponerat,10,123,732327.352708137,7041962.33060949,19.6583852238326,63.4300775748244
